Emp ID,First Name,Last Name,DOB,SSN,State
232,John,Mathews,02/24/1991,***-**-9165,ND
533,Nathan,Moore,11/19/1978,***-**-7469,ME
256,Amanda,Douglas,01/08/1990,***-**-6961,ID
189,Heather,Andrews,08/11/1976,***-**-1797,VT
284,Daniel,Hernandez,07/22/1976,***-**-7473,CO
512,Danny,Pena,01/31/1978,***-**-9878,CA
126,Gary,Knight,03/08/1994,***-**-1242,TN
556,Robin,Carroll,10/14/1972,***-**-7194,OR
595,Michelle,Dickerson,02/08/1984,***-**-2817,TN
191,Kimberly,Gallegos,08/05/1972,***-**-7563,MD
55,Morgan,Parker,01/30/1986,***-**-4320,MA
623,Mason,Rhodes,01/28/1977,***-**-4767,ME
426,Amy,Griffin,02/18/1973,***-**-1946,KY
535,Danielle,House,04/16/1975,***-**-9308,LA
399,Charles,Greene,11/28/1992,***-**-2935,RI
33,Nicholas,Martinez,04/05/1979,***-**-1689,MT
302,Tracey,Meadows,01/12/1988,***-**-6175,PA
325,Renee,Evans,03/14/1991,***-**-2708,AL
188,Joseph,Estrada,03/29/1984,***-**-2571,ID
184,Jeremy,Warner,10/20/1987,***-**-1184,VA
526,Anthony,Rodriguez,02/09/1983,***-**-3865,MT
85,Kristen,Lopez,01/02/1978,***-**-8194,CA
171,Mark,Mcdonald,06/27/1984,***-**-0101,SD
74,Robert,Freeman,01/01/1984,***-**-5211,RI
69,Michael,Reynolds,10/30/1994,***-**-8507,UT
365,Kristine,Little,07/10/1974,***-**-1771,WY
149,April,Barnes,02/15/1983,***-**-3288,CO
218,Pamela,Hodges,02/19/1989,***-**-1423,VA
647,Ronald,Gilbert,05/26/1974,***-**-4448,WI
518,Thomas,Cooper,08/17/1972,***-**-9890,NM
12,Dakota,Harrington,08/24/1972,***-**-7188,CA
622,Jennifer,Porter,01/20/1991,***-**-5572,NC
159,Beverly,Jordan,08/15/1986,***-**-3762,RI
394,Mark,Brown,04/02/1975,***-**-8531,SD
158,Amy,Ford,06/05/1974,***-**-6461,MD
446,Benjamin,King,05/07/1973,***-**-8165,SC
352,Stephen,Bryant,05/15/1991,***-**-6488,MI
598,Brandi,Williams,10/15/1989,***-**-8500,SD
505,Ashley,Hutchinson,04/26/1994,***-**-1510,RI
173,Alisha,Pacheco,01/13/1982,***-**-2496,CT
84,Robert,Campbell,02/27/1973,***-**-9581,AL
406,Sandra,Sanders,10/06/1980,***-**-1673,MA
164,Katherine,Hensley,05/29/1991,***-**-7226,SC
267,Stacy,Cox,11/08/1976,***-**-0990,HI
503,Frank,Barton,06/10/1993,***-**-5568,KS
295,Shannon,Kramer,05/04/1980,***-**-7615,NY
590,Brenda,James,12/31/1977,***-**-3251,MO
97,Paula,Edwards,08/10/1988,***-**-0638,ID
3,Jennifer,Rowe,09/16/1980,***-**-9014,MS
20,David,Foster,01/09/1990,***-**-6956,WA
179,William,Boyle,01/30/1988,***-**-0490,TX
86,Christopher,Greene,05/29/1972,***-**-8446,NC
219,Matthew,Fuller,04/27/1980,***-**-2989,AK
237,Gabriela,Nguyen,12/17/1981,***-**-3729,FL
96,Allison,Diaz,03/25/1994,***-**-8927,NE
22,Isaac,Jordan,05/06/1986,***-**-0520,DE
439,Cheryl,Bailey,10/31/1991,***-**-1224,SD
146,Julie,Castillo,02/16/1988,***-**-4523,VT
271,Michael,Adams,12/10/1986,***-**-3927,CA
103,Melinda,Parsons,02/07/1986,***-**-8751,IL
540,Robert,Campbell,01/17/1987,***-**-3694,NY
144,Julie,Nelson,08/08/1994,***-**-1332,KY
594,Steven,Nelson,04/14/1989,***-**-2085,IL
176,Hailey,Lynn,03/25/1973,***-**-9488,MD
198,Dillon,Nguyen,05/26/1978,***-**-4552,WI
433,Hannah,Miller,10/18/1973,***-**-4657,OH
274,Jeffrey,Harris,05/25/1994,***-**-4763,KY
6,Daniel,Welch,08/08/1982,***-**-6950,WV
452,Bryan,Jackson,09/08/1982,***-**-8117,KS
23,Denise,George,09/07/1990,***-**-4879,MI
373,Alicia,Carney,09/10/1989,***-**-9437,NH
374,William,Peters,03/20/1986,***-**-7516,AK
200,Dustin,Drake,09/17/1993,***-**-5454,NJ
428,Jessica,Thornton,01/03/1983,***-**-2381,MI
116,Rebecca,Wilson,06/08/1980,***-**-6629,IA
418,Katherine,Lane,11/01/1986,***-**-6820,GA
9,Sarah,Harper,07/27/1993,***-**-5891,SC
230,Jermaine,Hill,09/11/1988,***-**-5479,OH
502,Michael,Marshall,04/05/1990,***-**-5125,TN
632,Kirsten,Mcbride,09/10/1973,***-**-2372,TN
112,Rachael,Holmes,07/30/1973,***-**-2067,KS
422,Leon,Foster,09/19/1975,***-**-3153,MS
131,David,Mcclain,08/02/1976,***-**-5430,NV
404,Emily,Lawrence,11/24/1991,***-**-1991,SD
504,Troy,Booth,12/27/1990,***-**-5141,NV
194,Stephanie,Ho,04/25/1983,***-**-3656,MI
567,Michele,Hendricks,03/10/1990,***-**-7341,WY
253,Eric,Harper,11/12/1986,***-**-2860,WI
407,Jonathan,Gomez,06/05/1993,***-**-4727,MI
82,Kevin,Garcia,11/25/1977,***-**-4722,ID
429,Howard,Lawson,04/13/1984,***-**-7664,KS
78,Stacy,Robertson,09/24/1974,***-**-0248,CT
167,John,Beck,07/27/1985,***-**-3635,WY
484,Julia,Morgan,03/18/1976,***-**-1731,ID
60,Allen,Leon,04/06/1975,***-**-9089,MT
400,James,Rios,03/04/1978,***-**-3987,MT
34,Ralph,Wells,10/19/1988,***-**-4237,FL
596,Megan,Chavez,10/08/1991,***-**-7659,WY
279,Ashley,Patrick,06/07/1974,***-**-0763,NH
466,Bonnie,Bowen,11/07/1993,***-**-5889,IL
327,Andrew,Lawson,04/05/1982,***-**-7313,NY
382,Tonya,Chavez,04/17/1984,***-**-5703,ID
369,Michelle,Larson,03/20/1980,***-**-3866,NJ
347,Mark,Garrett,09/18/1985,***-**-4408,FL
25,Chelsea,Rivera,06/21/1987,***-**-0140,AZ
317,Amanda,Krause,11/06/1977,***-**-4744,IA
321,Paige,Spencer,09/02/1991,***-**-8621,HI
193,Rhonda,Gonzales,06/07/1976,***-**-4110,OH
606,Jasmine,Kelly,06/30/1979,***-**-3251,SD
123,Amy,Sherman,08/04/1973,***-**-6029,OR
566,David,Arroyo,04/16/1975,***-**-9403,HI
409,Robert,Lin,11/12/1975,***-**-0121,CA
265,Paul,Wilson,06/19/1993,***-**-9871,WV
490,Paul,Meyers,03/13/1989,***-**-1680,ME
311,Jessica,Elliott,06/04/1978,***-**-1632,FL
537,Anthony,Richmond,10/05/1989,***-**-8935,PA
147,William,Rivera,03/08/1975,***-**-7032,CT
304,Sheri,Villegas,02/13/1985,***-**-8629,GA
472,Kelly,Hopkins,10/08/1984,***-**-6875,OH
348,Darren,Farrell,05/24/1991,***-**-5885,MA
91,Darlene,Harmon,05/05/1980,***-**-3052,UT
410,Rachel,Lyons,08/29/1972,***-**-0900,NY
344,David,Jacobs,02/28/1982,***-**-3682,WV
419,Christina,Weeks,10/15/1972,***-**-2028,TX
1,Andrea,Anderson,11/12/1984,***-**-5650,GA
532,Jennifer,Smith,01/31/1989,***-**-1748,ID
107,Shirley,Andrews,12/07/1981,***-**-5306,NY
166,Adrian,Rivera,02/13/1973,***-**-5638,OK
391,George,Mckinney,02/04/1984,***-**-7748,CA
67,Hailey,Boyd,11/17/1980,***-**-0270,IN
447,Tiffany,Harris,01/12/1983,***-**-9733,MI
653,Mary,Hunter,11/01/1977,***-**-6623,AL
294,Robert,Edwards,04/07/1980,***-**-5215,OR
416,Barbara,Lambert,09/07/1979,***-**-5353,TN
185,Angela,Armstrong,03/22/1990,***-**-2446,WY
637,Brett,Ward,09/27/1979,***-**-0204,FL
333,Troy,Sanchez,11/15/1990,***-**-2052,CT
579,Garrett,Carter,09/26/1988,***-**-7246,CO
215,James,Reeves,01/31/1988,***-**-1620,SC
152,Mary,Baker,07/08/1979,***-**-0954,PA
301,Alexandra,Bradley,06/13/1980,***-**-9390,ND
572,Aaron,James,03/25/1974,***-**-4596,WV
165,Thomas,Wood,08/21/1979,***-**-8269,CO
639,Charlene,Jackson,10/28/1989,***-**-8809,UT
405,Mary,Robbins,12/01/1975,***-**-9514,LA
390,Kayla,Washington,10/08/1985,***-**-6218,CA
641,Kimberly,Knapp,11/23/1992,***-**-1122,KS
51,Nicholas,Brown,09/18/1988,***-**-2869,MT
421,Rebecca,Marshall,05/06/1974,***-**-1020,TN
106,Mark,Smith,07/07/1979,***-**-5381,ND
379,Adam,Harrell,10/18/1981,***-**-0742,WY
76,Steve,Daniels,09/14/1980,***-**-3537,SC
68,Victoria,Potter,03/25/1988,***-**-4290,AL
118,Kathy,Preston,03/06/1990,***-**-9960,MD
127,Michael,Donaldson,01/01/1995,***-**-7624,CA
542,Brian,Bridges,02/22/1976,***-**-4546,HI
181,Martha,Gonzalez,01/17/1981,***-**-8342,CT
111,Paul,Rogers,01/10/1992,***-**-6284,NM
481,Dawn,Galvan,09/03/1989,***-**-8058,NV
568,Amber,West,01/19/1978,***-**-7363,GA
395,Christopher,Guerrero,01/29/1983,***-**-4036,UT
345,Stacy,Brooks,06/17/1991,***-**-4661,NM
438,Danielle,Kaiser,08/21/1975,***-**-9764,SC
403,Taylor,Boyle,09/26/1979,***-**-9756,TN
180,Donna,Howard,12/16/1978,***-**-3416,IL
616,Anne,Rios,11/26/1974,***-**-6513,MD
56,Theresa,Barnes,09/28/1976,***-**-2054,NH
153,Lori,Tate,03/08/1977,***-**-9123,CT
551,Alexandria,Baker,11/02/1974,***-**-3200,AK
135,Stephen,Hensley,09/30/1978,***-**-5372,OR
500,Jennifer,Fischer,11/19/1983,***-**-5609,AL
24,Pamela,Robinson,02/21/1981,***-**-4275,RI
81,Brendan,Gonzalez,08/02/1991,***-**-9993,WV
50,Richard,Turner,12/24/1982,***-**-9924,KS
328,Michael,Robinson,10/22/1973,***-**-2355,NY
402,Patricia,Sharp,07/13/1987,***-**-0306,MA
255,Elizabeth,Avila,03/15/1977,***-**-8453,LA
413,Christopher,Martinez,12/28/1978,***-**-8774,AK
507,Isaac,Woods,03/20/1984,***-**-6227,CO
62,Adriana,Wolf,10/17/1994,***-**-1702,KY
150,David,Pearson,06/14/1982,***-**-1781,PA
109,Matthew,Kramer,05/14/1988,***-**-4860,ME
310,Pamela,Archer,10/25/1987,***-**-2625,WI
243,Charles,Stout,12/05/1976,***-**-1997,UT
72,Daniel,Boyd,07/18/1978,***-**-1220,WA
608,Jimmy,Jones,02/19/1973,***-**-2030,TN
19,Rebecca,Hammond,02/21/1972,***-**-2706,AK
30,Emily,Diaz,12/04/1986,***-**-9174,LA
119,Chad,Wise,11/10/1988,***-**-1355,TX
162,Todd,Duran,01/14/1976,***-**-1832,CA
199,Brian,Mclaughlin,09/21/1987,***-**-2876,NH
187,Katherine,Rogers,05/13/1988,***-**-9500,NY
102,Joseph,Adams,01/18/1979,***-**-7778,UT
385,David,Lowery,10/21/1987,***-**-7963,IA
626,Janice,Young,07/07/1988,***-**-4863,WI
528,Anna,Matthews,02/09/1991,***-**-4474,VA
31,Katie,Garcia,03/22/1983,***-**-8462,ME
43,Maria,Estrada,04/30/1990,***-**-8108,CO
169,Ashley,Smith,07/16/1983,***-**-8720,NM
204,Amy,Wright,10/15/1991,***-**-8641,TN
494,Heather,Scott,08/20/1982,***-**-0361,NV
233,John,Anderson,05/30/1973,***-**-6681,SD
638,John,Anderson,01/07/1983,***-**-7935,PA
57,Kimberly,Harris,10/01/1988,***-**-5459,AK
648,Christopher,Smith,11/23/1976,***-**-2521,SD
192,Daniel,Singh,12/25/1980,***-**-7521,MD
73,Miranda,Nguyen,08/12/1981,***-**-2585,WV
477,Gregory,Simpson,07/09/1990,***-**-9365,GA
411,Daniel,Brown,04/19/1984,***-**-6526,WV
630,Susan,Thompson,05/17/1985,***-**-6074,GA
600,Rick,Johns,07/30/1984,***-**-7121,WI
634,Sean,Calhoun,07/31/1978,***-**-2261,KY
296,Alan,Holden,11/06/1994,***-**-6916,SC
154,Robin,Silva,07/14/1987,***-**-0453,CO
527,Nicole,Conrad,06/02/1985,***-**-6985,WI
635,Deanna,Russell,07/29/1972,***-**-9236,OH
229,Joshua,Bailey,07/20/1986,***-**-4031,NJ
389,Daniel,Patrick,10/15/1972,***-**-8777,GA
220,William,Smith,06/04/1990,***-**-0654,OH
454,Kristin,Grant,08/23/1980,***-**-9693,LA
488,Kimberly,Velasquez,01/10/1989,***-**-4229,MI
41,Michael,Dalton,03/08/1994,***-**-2101,CO
522,Jason,Shaw,11/01/1985,***-**-4765,CA
269,Jonathon,Olson,07/08/1985,***-**-7767,MI
35,Andrea,Perry,02/01/1986,***-**-8897,IA
10,Anthony,Nguyen,10/09/1986,***-**-8472,WY
397,Anthony,Christensen,05/13/1983,***-**-8703,CO
45,Paul,Murphy,07/18/1975,***-**-9454,TX
210,Susan,Stewart,04/23/1989,***-**-2712,DE
197,Scott,Warren,06/24/1985,***-**-3723,ID
354,Jennifer,Avery,08/08/1987,***-**-5062,GA
552,Alexander,Vaughan,08/22/1988,***-**-8562,MS
414,Laura,Parker,12/05/1973,***-**-6879,ID
134,Derek,Harrington,09/15/1990,***-**-2836,NH
11,Daniel,Wells,08/27/1994,***-**-7268,OR
222,Kelly,Phillips,11/05/1987,***-**-1324,LA
442,Lauren,Bennett,06/05/1985,***-**-4874,NE
633,Aaron,Wolf,04/09/1978,***-**-1149,PA
361,Julia,Wright,09/04/1980,***-**-6702,MD
205,Cheryl,Dennis,06/16/1986,***-**-0712,TN
18,Donna,Lopez,02/22/1985,***-**-5711,DE
459,Matthew,Gibbs,06/12/1984,***-**-9698,RI
564,Nancy,Mitchell,02/02/1988,***-**-9365,MA
138,Ashley,Bullock,07/23/1983,***-**-5394,OH
356,Andrew,Moore,01/03/1982,***-**-5178,ID
479,Joseph,Martinez,10/05/1973,***-**-9409,CA
100,Yvette,Rodriguez,09/11/1985,***-**-8123,OR
451,Carrie,Barber,11/09/1977,***-**-3083,NH
432,Ashley,Sherman,10/01/1984,***-**-1501,WI
71,Craig,Garcia,08/18/1994,***-**-3695,MS
463,Jerome,Brown,07/10/1992,***-**-9456,HI
308,Kevin,Beck,03/29/1981,***-**-7304,NE
591,Travis,Hansen,07/28/1981,***-**-6746,WY
214,Rodney,Cook,12/15/1994,***-**-6232,TX
290,Theresa,Brown,02/20/1993,***-**-3478,MA
8,Wayne,Mercer,09/21/1989,***-**-7254,MS
182,Mary,Lee,04/12/1982,***-**-7361,PA
534,Matthew,Martin,07/12/1993,***-**-7803,ND
511,Lee,Weber,12/03/1988,***-**-9830,IN
32,James,Wilson,07/23/1977,***-**-7343,WI
289,Angela,Clark,04/20/1988,***-**-3392,MT
643,Allen,Flynn,07/25/1994,***-**-7573,MA
234,Darrell,Coleman,08/24/1992,***-**-4198,VA
618,Patrick,Wells,08/03/1979,***-**-3209,AL
246,Tyler,Beck,10/20/1986,***-**-1385,NV
546,Michelle,Jenkins,11/29/1977,***-**-8254,CO
455,Scott,Miller,09/27/1991,***-**-3580,WI
341,Maria,Mcmillan,09/07/1973,***-**-3730,OH
252,Amy,Waller,10/01/1980,***-**-8763,VT
351,Jacob,Thomas,03/31/1976,***-**-8896,OR
493,Amanda,Jones,07/31/1993,***-**-0691,IN
599,Edward,Padilla,10/09/1993,***-**-5222,OH
315,Debra,Best,02/20/1973,***-**-3320,NC
577,Gregory,Roberts,01/27/1986,***-**-4496,AZ
415,Suzanne,Wheeler,05/19/1985,***-**-2982,HI
303,Ann,Lewis,01/14/1976,***-**-0619,MD
478,Michelle,Peterson,06/25/1984,***-**-2154,KY
313,Adam,Thomas,12/30/1982,***-**-1297,NH
4,Donna,Owens,09/26/1987,***-**-6696,AZ
249,Pamela,Lyons,09/27/1972,***-**-3318,NM
649,Victor,Lopez,10/26/1987,***-**-3964,NE
565,Matthew,Miller,04/07/1979,***-**-3517,CA
513,Kevin,Foster,10/18/1985,***-**-5090,NY
516,Alyssa,Stokes,04/01/1973,***-**-2432,MT
545,Mark,Saunders,08/23/1973,***-**-2640,LA
38,Michael,Chapman,03/13/1977,***-**-6874,OR
309,Cole,Farrell,01/29/1993,***-**-7973,WY
578,Michael,Estrada,10/12/1994,***-**-2448,NE
178,Shaun,Martinez,12/11/1982,***-**-5793,NH
359,Victoria,Moon,01/06/1976,***-**-8604,MA
278,Brian,Peters,05/07/1982,***-**-3701,NH
292,Jose,Gonzalez,06/01/1992,***-**-9797,ME
87,John,Paul,11/20/1973,***-**-7180,CA
286,Stephanie,Smith,04/26/1978,***-**-1286,MI
221,Lisa,Wilson,11/09/1993,***-**-6950,UT
524,Cody,Duran,01/15/1973,***-**-6706,MO
453,Ann,Johnson,06/01/1981,***-**-9046,TX
468,Paula,Hernandez,10/12/1975,***-**-2951,DE
444,Patrick,Barber,07/21/1991,***-**-9891,MS
350,Dennis,Alvarado,11/27/1973,***-**-4378,MD
462,David,Peterson,06/27/1973,***-**-7312,PA
66,Tina,Williams,11/04/1987,***-**-7775,OK
495,Bridget,Koch,02/23/1973,***-**-9714,CO
586,Adrian,Hernandez,09/08/1993,***-**-5101,FL
457,Andrea,Potter,12/26/1983,***-**-6384,HI
392,David,Williams,07/07/1990,***-**-6350,RI
202,Katherine,Wright,05/10/1987,***-**-3109,NE
467,Kevin,Taylor,04/19/1979,***-**-2293,WY
627,Latoya,Mitchell,03/15/1991,***-**-3607,SD
367,Tricia,Smith,01/24/1992,***-**-7866,RI
244,David,Miles,11/26/1993,***-**-2657,FL
620,Gina,Hoffman,03/20/1990,***-**-4213,OK
642,Tamara,Whitney,09/21/1975,***-**-9208,NH
427,John,Garcia,04/14/1987,***-**-3993,AL
539,Craig,Nunez,06/13/1972,***-**-6566,MA
98,Desiree,Ross,07/07/1981,***-**-2608,MO
324,Samantha,Ramirez,08/11/1981,***-**-7086,PA
589,David,Patton,11/19/1978,***-**-9705,WA
339,Caroline,Lopez,08/09/1981,***-**-1325,DE
645,Karen,Malone,09/03/1985,***-**-5442,NC
355,Daniel,Wright,12/31/1989,***-**-3803,LA
541,Brent,Miller,01/14/1978,***-**-9692,PA
360,Mitchell,Meyer,08/31/1991,***-**-7666,KY
39,Annette,Flores,04/19/1977,***-**-3196,AL
305,Wendy,Hendrix,08/19/1983,***-**-6634,CO
474,Alexis,Cross,08/11/1983,***-**-3694,NJ
571,Jeffrey,Jones,06/27/1981,***-**-1822,DE
372,Jessica,Walsh,06/01/1976,***-**-2907,SD
559,Sherry,Henderson,02/15/1991,***-**-3768,OR
521,Jennifer,Johnson,02/17/1978,***-**-3102,KS
583,Scott,Ellison,03/31/1977,***-**-8653,IA
329,Denise,Baldwin,04/06/1992,***-**-7350,FL
201,Rebecca,James,12/04/1980,***-**-1514,MD
276,Sean,Gonzales,08/11/1981,***-**-8838,IN
592,Mary,Chavez,04/27/1990,***-**-2834,NH
124,Ralph,Martinez,02/26/1980,***-**-4024,UT
133,Thomas,Stone,03/29/1973,***-**-8227,RI
314,Christopher,Anderson,07/01/1974,***-**-1835,MI
562,Allison,Garcia,02/08/1983,***-**-0105,MI
125,Charles,Hall,09/15/1982,***-**-7617,OH
625,Lawrence,Roach,04/03/1991,***-**-2080,NE
312,Christopher,Dougherty,03/29/1978,***-**-0986,TN
90,William,Small,08/05/1990,***-**-0642,NM
236,Samuel,May,03/30/1988,***-**-0970,WV
601,Brian,Lopez,02/13/1990,***-**-7558,AK
326,Amanda,Clark,07/23/1991,***-**-5043,CA
264,Cody,Taylor,11/13/1978,***-**-3700,IL
248,Sherry,Love,03/24/1975,***-**-8685,AL
485,Christine,Stone,11/07/1978,***-**-6503,ID
54,Kristy,Diaz,03/26/1988,***-**-1032,ID
2,Amy,Long,07/19/1982,***-**-7292,MD
298,Haley,Myers,03/20/1985,***-**-0757,SD
99,Michael,Holden,07/23/1975,***-**-7951,MI
186,Kelly,Ferrell,01/21/1982,***-**-2299,HI
593,Rachel,Valdez,05/21/1985,***-**-0852,NH
557,Kristine,Roberson,03/18/1981,***-**-0956,GA
375,Vincent,Watson,12/15/1974,***-**-8997,ND
460,Elizabeth,Bailey,07/15/1979,***-**-7230,CT
496,Mark,Mcmillan,07/08/1976,***-**-2503,NE
487,Sheri,Long,06/06/1978,***-**-5166,CA
469,Daniel,Mccall,07/12/1987,***-**-5314,ND
340,Dawn,Malone,04/19/1979,***-**-2070,AL
363,Evan,Romero,08/25/1994,***-**-3334,MI
108,Paul,Adams,04/19/1992,***-**-5765,MO
357,Tracy,Holt,10/20/1988,***-**-1413,NJ
293,Charles,Wheeler,02/11/1972,***-**-5781,PA
604,Ashley,Harris,08/09/1993,***-**-7070,NH
7,Roberto,Schmidt,02/07/1994,***-**-1763,CA
94,Margaret,Barton,10/10/1975,***-**-0973,WA
227,Michelle,Diaz,09/25/1993,***-**-4889,AL
486,Mike,Duncan,12/15/1988,***-**-8115,TN
613,Alexandra,Thomas,01/12/1994,***-**-6760,KY
603,Mark,Murillo,09/22/1976,***-**-9915,DE
332,Carol,Dyer,03/12/1989,***-**-5545,VT
587,Daniel,Williams,11/17/1989,***-**-9146,AL
602,Sandra,Suarez,09/20/1980,***-**-9548,UT
398,Sarah,Hamilton,07/20/1976,***-**-3104,VT
148,Sydney,Floyd,03/31/1981,***-**-0722,MA
223,Jonathan,Hall,07/01/1978,***-**-6672,MD
574,Jennifer,Kim,10/03/1976,***-**-9504,OK
588,Kenneth,Sanchez,10/30/1980,***-**-8921,MI
157,Joseph,Carroll,05/09/1975,***-**-5984,CT
175,Jennifer,Arnold,10/18/1976,***-**-4368,WY
473,David,Le,08/31/1976,***-**-5444,ME
29,Jeffrey,Clark,06/28/1978,***-**-0316,CO
334,Jeffery,Reed,07/19/1985,***-**-6338,NV
465,Laura,Kim,07/26/1974,***-**-3606,WY
92,Derek,Obrien,06/29/1990,***-**-6123,NM
470,Brooke,Bishop,12/18/1980,***-**-4107,TN
128,Peter,Miles,10/26/1976,***-**-3367,KS
77,Alex,Owen,10/07/1987,***-**-9252,MT
530,Michael,Fowler,08/28/1990,***-**-3995,MO
270,Katherine,Rose,01/19/1976,***-**-0446,NV
251,Daniel,Waller,04/23/1974,***-**-0011,MA
277,Ronald,Johnson,09/19/1973,***-**-8871,PA
346,Austin,Gutierrez,06/25/1979,***-**-0203,SD
238,Brandon,Chang,05/14/1984,***-**-6687,HI
143,Alexander,Murphy,05/05/1984,***-**-0664,TN
461,Stephanie,Mendoza,03/22/1977,***-**-8308,NE
5,Gregory,Moore,02/10/1982,***-**-6226,TX
117,Jonathan,Mendoza,12/30/1989,***-**-0262,AK
396,Michelle,Phillips,09/17/1988,***-**-2345,TX
517,Justin,Morgan,03/17/1976,***-**-5133,GA
228,Michael,Hubbard,09/09/1978,***-**-8972,HI
576,Travis,Little,05/14/1992,***-**-6995,FL
482,Susan,Kennedy,12/19/1988,***-**-4558,HI
611,Emily,Mcgrath,11/10/1973,***-**-7640,OH
288,Sandra,Griffin,11/13/1988,***-**-6533,NY
322,Jessica,Sullivan,01/07/1990,***-**-2665,WI
93,Timothy,Mendoza,06/09/1980,***-**-2367,TN
631,Amanda,Pearson,08/15/1979,***-**-9832,RI
95,Jeffery,Burnett,07/28/1984,***-**-4493,DE
225,Brian,Williams,01/12/1986,***-**-5701,NE
386,Randy,Dorsey,05/09/1974,***-**-0360,IL
272,Duane,Williams,10/14/1973,***-**-8818,KS
614,Colleen,Beasley,08/12/1977,***-**-3286,NC
262,Brian,Jackson,12/21/1985,***-**-9597,OH
110,Cynthia,Price,10/15/1991,***-**-6184,FL
501,Donald,Carter,07/16/1983,***-**-5922,CT
65,Lisa,Schmitt,04/23/1976,***-**-5980,OH
458,Dustin,Nichols,06/07/1977,***-**-9015,TN
224,Jay,Brown,04/24/1980,***-**-8736,NY
160,Beth,Lynch,02/13/1984,***-**-0814,IA
259,Mary,Mitchell,01/20/1982,***-**-3602,NE
547,Joshua,Rush,08/05/1986,***-**-2710,IN
358,Jillian,David,04/11/1973,***-**-4462,CT
652,Anthony,Delgado,09/19/1994,***-**-7837,AZ
49,Meghan,Wilson,05/18/1988,***-**-4722,NC
437,Andrea,Montgomery,12/03/1991,***-**-6315,ID
536,Megan,Gray,10/12/1972,***-**-4006,GA
636,Sarah,Brooks,06/27/1991,***-**-6948,ID
330,Kaylee,Clark,05/29/1992,***-**-0753,NY
538,Joseph,Martin,04/13/1992,***-**-5396,MT
168,Donna,Rose,04/20/1989,***-**-1960,NC
480,Brandi,Sawyer,07/13/1979,***-**-9334,MA
543,James,Torres,01/19/1986,***-**-5026,IL
506,Jonathan,Malone,04/14/1984,***-**-9942,NM
80,Christine,Williams,08/15/1974,***-**-1974,WY
342,Christopher,Young,12/02/1988,***-**-1343,VA
364,David,Turner,02/13/1973,***-**-7108,WI
64,Gregory,Estes,10/04/1989,***-**-9235,GA
156,Shannon,Vaughn,12/27/1992,***-**-2444,ND
285,James,Mclaughlin,01/21/1981,***-**-1088,ME
79,Michael,Brown,01/13/1986,***-**-9682,OK
170,Jennifer,Crawford,07/21/1986,***-**-5861,NC
561,Michelle,Carr,06/22/1978,***-**-2759,KS
617,Andrew,Love,05/27/1991,***-**-9696,OH
515,Anna,Bennett,06/20/1977,***-**-6909,UT
644,William,Watts,10/12/1989,***-**-6883,KY
450,Cynthia,Williams,12/23/1978,***-**-5994,PA
216,Bruce,Miles,01/21/1982,***-**-0969,MA
88,Amanda,Wilson,05/23/1972,***-**-0767,VA
130,Joshua,Riley,11/08/1983,***-**-4874,OR
408,Carla,Torres,02/23/1987,***-**-7599,MS
105,Mark,Green,06/14/1977,***-**-6893,NH
580,Stephanie,Goodwin,02/25/1986,***-**-5702,WY
388,Cameron,Allen,01/02/1986,***-**-8341,ME
316,Harold,Li,05/11/1983,***-**-2966,NV
196,Sara,Curry,06/05/1984,***-**-1678,WA
366,Caroline,Wyatt,11/12/1979,***-**-7063,WA
331,Nicole,Perez,09/28/1982,***-**-1455,NM
63,Jacqueline,Garcia,01/31/1991,***-**-8953,MT
651,Alexander,Wright,04/18/1979,***-**-7263,WV
497,Heather,Farrell,01/11/1978,***-**-0338,NH
14,Joseph,Fernandez,06/01/1978,***-**-4971,IA
52,Timothy,Chandler,03/26/1978,***-**-3897,TX
456,Gregory,Jackson,06/06/1973,***-**-0058,AK
412,Thomas,Patterson,05/06/1977,***-**-4561,NV
283,Timothy,Suarez,01/12/1977,***-**-3073,IA
174,Jennifer,Jensen,03/09/1991,***-**-4293,VA
509,Andrew,Hogan,06/08/1990,***-**-5943,SC
254,Dale,Hartman,10/01/1993,***-**-9502,OH
531,Jennifer,Williams,02/27/1977,***-**-9054,RI
104,Antonio,Perez,02/09/1980,***-**-4115,MA
549,Joshua,Hicks,01/07/1985,***-**-4786,PA
183,Edward,Thompson,08/31/1994,***-**-8605,NE
612,Lee,Zamora,03/17/1979,***-**-3321,HI
492,Wyatt,Rivers,02/07/1984,***-**-5135,MD
27,Michelle,Reeves,11/23/1972,***-**-1066,GA
287,Joanna,Hopkins,04/17/1973,***-**-2714,OR
584,Joseph,Mitchell,05/18/1980,***-**-7441,MD
624,Ariel,Ray,09/11/1972,***-**-2732,VA
53,Shawn,Murray,10/30/1990,***-**-5217,ME
206,Jose,Spears,03/01/1976,***-**-2675,MS
211,Caroline,Mayer,05/03/1973,***-**-2487,LA
646,David,Weaver,08/11/1976,***-**-2750,WV
336,Kelly,Sullivan,04/12/1988,***-**-7284,LA
555,Kyle,Ramirez,05/30/1984,***-**-2839,WA
560,Carrie,Davis,06/20/1984,***-**-6558,PA
203,Catherine,Martinez,04/28/1990,***-**-6917,PA
217,Amanda,Lewis,12/05/1988,***-**-0504,NH
371,Katherine,Bailey,03/04/1994,***-**-3545,CA
605,Rodney,Smith,05/08/1975,***-**-3105,WY
337,Savannah,Saunders,05/12/1984,***-**-2473,MA
381,Claudia,Oneal,04/01/1987,***-**-9008,WY
508,Roy,Johnson,03/30/1984,***-**-6344,RI
58,Michelle,Smith,07/08/1982,***-**-6834,NC
401,Amanda,Haney,04/11/1983,***-**-9019,MO
163,Theresa,Fletcher,10/22/1992,***-**-0535,WA
548,Debra,Green,07/20/1988,***-**-5376,OK
161,John,Cox,12/11/1985,***-**-7739,DE
464,Beth,Harris,12/22/1982,***-**-5871,WA
476,Erica,Mcconnell,07/01/1981,***-**-0878,AL
208,Kimberly,Johnson,01/22/1992,***-**-4304,CT
378,Kyle,Aguirre,10/24/1973,***-**-4469,NY
654,Nicole,English,04/30/1977,***-**-9164,MD
585,Bonnie,Turner,04/01/1973,***-**-0208,UT
621,Maurice,Gillespie,09/07/1984,***-**-8509,KS
300,Corey,Adams,10/08/1988,***-**-2578,IL
640,Brett,Nelson,06/20/1986,***-**-3049,MO
297,Melody,Nelson,01/23/1979,***-**-1931,AZ
209,James,Young,04/12/1980,***-**-8557,SC
320,Robert,Smith,04/14/1994,***-**-0748,DE
242,Caroline,Larson,05/05/1990,***-**-7178,OH
258,Megan,Robinson,03/24/1973,***-**-1601,TN
570,Shawn,Edwards,01/19/1978,***-**-4865,NM
417,David,Evans,09/15/1977,***-**-6773,OK
281,Julie,Price,01/20/1993,***-**-3599,OR
436,Briana,Webster,02/08/1978,***-**-3704,MI
441,Robin,Oconnor,02/27/1978,***-**-0782,PA
425,Albert,Davidson,01/20/1975,***-**-9182,FL
553,Mark,Chen,04/02/1989,***-**-3553,NY
266,Elizabeth,Lynn,02/25/1992,***-**-8647,NV
40,Tracy,Gonzalez,11/01/1983,***-**-4059,VA
609,Patricia,Fletcher,06/30/1979,***-**-2311,KS
471,Tammy,Salinas,12/29/1980,***-**-3850,OK
307,Roger,Wright,03/04/1974,***-**-3080,AK
353,Kelly,Castillo,04/13/1992,***-**-7622,CO
393,Charles,Kelley,04/14/1993,***-**-1133,WY
607,David,Johnson,06/23/1985,***-**-9729,NV
483,David,Cervantes,01/08/1983,***-**-0082,IA
370,Valerie,Lopez,04/10/1983,***-**-0441,NJ
273,Sarah,Hayes,11/20/1984,***-**-8195,KS
141,Christina,Arnold,10/20/1979,***-**-2313,CO
338,Cynthia,Bennett,11/26/1973,***-**-7899,CT
15,Michelle,Huang,04/09/1983,***-**-8363,NY
120,Amanda,Dodson,03/04/1973,***-**-6056,WY
75,Jeff,Hawkins,08/10/1992,***-**-5606,NE
115,Patrick,Taylor,07/29/1991,***-**-5595,AZ
629,Elizabeth,Howard,11/05/1984,***-**-2641,TX
299,Noah,White,04/30/1977,***-**-0897,AK
498,Caroline,Jackson,12/29/1983,***-**-4102,WA
445,Andrea,Wright,06/15/1978,***-**-8386,OR
582,Sara,Smith,01/02/1983,***-**-9188,NY
245,Jennifer,Rodriguez,04/23/1974,***-**-2538,HI
129,Deanna,Terrell,02/05/1990,***-**-5743,DE
544,Kristina,Summers,02/17/1989,***-**-3058,AZ
377,Laura,Mercado,04/05/1974,***-**-9514,MA
155,Matthew,Kane,11/17/1990,***-**-9385,NM
440,Tamara,White,05/20/1980,***-**-6614,TN
550,Samantha,Thompson,06/04/1976,***-**-9230,AK
47,John,Mcmillan,03/02/1983,***-**-7301,MO
89,Andrea,Webb,12/11/1985,***-**-7815,NV
145,Lori,Odonnell,10/22/1989,***-**-2415,ID
554,Ronald,Huerta,12/13/1973,***-**-6058,AZ
523,Chelsea,Foster,03/26/1974,***-**-4094,LA
499,Daniel,Lopez,09/07/1989,***-**-2639,CO
37,Jonathan,Jones,01/13/1977,***-**-7798,AK
384,Jessica,Gaines,04/23/1981,***-**-9332,IA
514,Timothy,Morris,06/16/1981,***-**-2962,AK
260,Donna,Campbell,07/14/1993,***-**-2369,MA
239,Tonya,Martinez,09/04/1972,***-**-7702,NE
420,Pamela,Moore,02/20/1980,***-**-9532,WI
380,Michelle,Ali,05/05/1993,***-**-3823,MA
387,Alexander,Gibson,10/27/1983,***-**-1036,DE
207,Jay,Smith,03/06/1985,***-**-6315,OH
318,Teresa,Watkins,07/27/1972,***-**-5707,DE
16,Bradley,Guzman,05/08/1980,***-**-2817,MS
61,Rhonda,Young,06/03/1979,***-**-2336,MO
280,Brandon,Davis,07/22/1977,***-**-1621,HI
13,Brandon,Farmer,08/10/1980,***-**-2601,IN
563,Barbara,Murphy,10/30/1989,***-**-9225,MI
569,James,King,04/21/1978,***-**-1432,HI
575,Drew,Kelly,03/25/1993,***-**-3264,NY
319,Virginia,Wise,02/18/1982,***-**-8887,IA
122,Mary,Hernandez,01/29/1990,***-**-5268,MO
520,Ryan,Russell,01/06/1975,***-**-3828,IN
489,Amanda,Smith,08/05/1989,***-**-3579,NM
136,Morgan,Dunn,07/13/1980,***-**-1601,MT
142,Kimberly,Shaw,06/11/1973,***-**-7577,VA
250,Kathleen,Klein,01/15/1990,***-**-3388,NH
383,Diana,Meyers,09/13/1972,***-**-4296,NE
650,Logan,Smith,03/26/1990,***-**-0194,NC
231,Tracy,Martin,05/03/1975,***-**-0726,MA
431,Edwin,Martin,02/13/1988,***-**-9168,TX
306,Kelly,Moran,07/14/1976,***-**-0670,NJ
151,Robert,Smith,01/12/1987,***-**-2300,OK
519,Jane,Martinez,01/30/1991,***-**-3977,NM
172,Denise,Castillo,10/10/1983,***-**-0042,IA
121,Jonathon,Brock,04/30/1980,***-**-9917,ME
140,Amanda,Franco,09/24/1994,***-**-5413,AZ
48,Heather,Robinson,11/20/1985,***-**-1929,OH
282,Kathryn,Stout,08/24/1987,***-**-9637,SD
42,Cory,Hopkins,03/13/1977,***-**-9491,NJ
247,Ryan,Snyder,07/14/1982,***-**-9330,ID
59,Sara,Walker,08/16/1985,***-**-5423,IL
137,Daniel,Garcia,04/21/1979,***-**-3001,OK
257,Paul,Evans,06/25/1977,***-**-4302,TX
343,Elizabeth,Olson,01/22/1976,***-**-7163,MA
195,Ann,Romero,10/27/1989,***-**-4046,WA
268,Thomas,Jensen,02/23/1991,***-**-3430,WI
558,Brian,Davila,07/05/1982,***-**-3711,OH
70,Donna,Howard,03/31/1990,***-**-7432,TN
28,Kimberly,Massey,01/01/1981,***-**-4649,MD
132,Jeremy,Cross,11/22/1987,***-**-4632,IL
335,Dennis,Thomas,06/11/1989,***-**-5032,MA
349,Kenneth,Martin,08/24/1989,***-**-4681,KS
510,Tyler,Brewer,06/28/1972,***-**-9006,IL
36,Scott,Brooks,02/24/1972,***-**-4958,CA
430,Derrick,Fritz,12/05/1982,***-**-0071,IN
376,Christine,Munoz,11/17/1974,***-**-0149,NV
226,Julie,Robbins,11/23/1976,***-**-4571,OK
240,Rachel,Cook,03/03/1982,***-**-9042,OK
291,Kyle,Hoffman,12/25/1984,***-**-7692,LA
619,Nancy,Nguyen,07/05/1976,***-**-3939,OR
